{"stats":{"minecraft:used":{"minecraft:diamond_sword":3,"minecraft:dirt":5,"minecraft:chicken_spawn_egg":27,"minecraft:splash_potion":1},"minecraft:mined":{"minecraft:short_grass":30,"minecraft:grass_block":6,"minecraft:dirt":4,"minecraft:tall_grass":2,"minecraft:dandelion":3,"minecraft:oxeye_daisy":2},"minecraft:custom":{"minecraft:time_since_rest":11493,"minecraft:crouch_one_cm":433,"minecraft:sprint_one_cm":7185,"minecraft:play_time":11493,"minecraft:walk_one_cm":4082,"minecraft:sneak_time":126,"minecraft:mob_kills":3,"minecraft:jump":86,"minecraft:damage_dealt":90,"minecraft:leave_game":1,"minecraft:time_since_death":11493,"minecraft:total_world_time":11493,"minecraft:fall_one_cm":3998,"minecraft:fly_one_cm":24093},"minecraft:picked_up":{"minecraft:feather":8,"minecraft:chicken":9,"minecraft:wheat_seeds":2,"minecraft:dandelion":3,"minecraft:dirt":10,"minecraft:oxeye_daisy":2},"minecraft:killed":{"minecraft:chicken":3}},"DataVersion":3953}