{"stats":{"minecraft:used":{"minecraft:diamond_sword":32,"minecraft:dirt":5,"minecraft:anvil":1,"minecraft:grass_block":7,"minecraft:chicken_spawn_egg":421,"minecraft:splash_potion":27},"minecraft:mined":{"minecraft:short_grass":30,"minecraft:grass_block":6,"minecraft:dirt":4,"minecraft:tall_grass":2,"minecraft:dandelion":3,"minecraft:oxeye_daisy":2},"minecraft:custom":{"minecraft:time_since_rest":23493,"minecraft:crouch_one_cm":607,"minecraft:sprint_one_cm":9087,"minecraft:play_time":23493,"minecraft:walk_one_cm":28286,"minecraft:sneak_time":253,"minecraft:interact_with_anvil":2,"minecraft:mob_kills":381,"minecraft:drop":4,"minecraft:jump":106,"minecraft:damage_dealt":1220,"minecraft:leave_game":1,"minecraft:time_since_death":23493,"minecraft:total_world_time":23493,"minecraft:fall_one_cm":3998,"minecraft:fly_one_cm":137967},"minecraft:dropped":{"minecraft:oxeye_daisy":2,"minecraft:dirt":5,"minecraft:anvil":1,"minecraft:grass_block":1},"minecraft:picked_up":{"minecraft:feather":378,"minecraft:chicken":367,"minecraft:wheat_seeds":2,"minecraft:dandelion":3,"minecraft:grass_block":1,"minecraft:dirt":10,"minecraft:oxeye_daisy":4},"minecraft:killed":{"minecraft:chicken":381}},"DataVersion":3953}