{"stats":{"minecraft:used":{"minecraft:trial_key":20,"minecraft:vault":20,"minecraft:diamond_sword":33,"minecraft:dirt":5,"minecraft:anvil":1,"minecraft:grass_block":7,"minecraft:chicken_spawn_egg":439,"minecraft:splash_potion":28,"minecraft:trial_spawner":2},"minecraft:mined":{"minecraft:short_grass":30,"minecraft:grass_block":6,"minecraft:dirt":4,"minecraft:tall_grass":2,"minecraft:dandelion":3,"minecraft:oxeye_daisy":2},"minecraft:custom":{"minecraft:time_since_rest":27056,"minecraft:crouch_one_cm":1487,"minecraft:sprint_one_cm":9355,"minecraft:play_time":27056,"minecraft:walk_one_cm":36318,"minecraft:sneak_time":559,"minecraft:interact_with_anvil":2,"minecraft:mob_kills":399,"minecraft:drop":7,"minecraft:jump":120,"minecraft:damage_dealt":1260,"minecraft:leave_game":2,"minecraft:time_since_death":27056,"minecraft:total_world_time":27056,"minecraft:fall_one_cm":3998,"minecraft:fly_one_cm":177143},"minecraft:dropped":{"minecraft:chicken":64,"minecraft:oxeye_daisy":2,"minecraft:dirt":5,"minecraft:anvil":1,"minecraft:grass_block":2,"minecraft:dandelion":3},"minecraft:picked_up":{"minecraft:feather":395,"minecraft:chicken":449,"minecraft:wheat_seeds":2,"minecraft:dandelion":3,"minecraft:grass_block":1,"minecraft:honey_bottle":2,"minecraft:egg":2,"minecraft:dirt":10,"minecraft:oxeye_daisy":4},"minecraft:killed":{"minecraft:chicken":399}},"DataVersion":3953}