{"stats":{"minecraft:used":{"minecraft:flint_and_steel":5,"minecraft:grass_block":7,"minecraft:chicken_spawn_egg":439,"minecraft:trial_key":20,"minecraft:diamond_sword":37,"minecraft:vault":20,"minecraft:dirt":5,"minecraft:anvil":1,"minecraft:splash_potion":28,"minecraft:obsidian":7,"minecraft:trial_spawner":2},"minecraft:mined":{"minecraft:dandelion":3,"minecraft:short_grass":30,"minecraft:grass_block":6,"minecraft:dirt":4,"minecraft:tall_grass":2,"minecraft:oxeye_daisy":2},"minecraft:custom":{"minecraft:time_since_rest":35488,"minecraft:sprint_one_cm":10240,"minecraft:walk_one_cm":38155,"minecraft:interact_with_anvil":2,"minecraft:mob_kills":399,"minecraft:drop":7,"minecraft:damage_dealt":1639,"minecraft:fly_one_cm":255021,"minecraft:crouch_one_cm":1533,"minecraft:play_time":35488,"minecraft:sneak_time":645,"minecraft:jump":129,"minecraft:leave_game":2,"minecraft:time_since_death":35488,"minecraft:total_world_time":35488,"minecraft:fall_one_cm":3998},"minecraft:dropped":{"minecraft:oxeye_daisy":2,"minecraft:dirt":5,"minecraft:anvil":1,"minecraft:chicken":64,"minecraft:grass_block":2,"minecraft:dandelion":3},"minecraft:picked_up":{"minecraft:feather":395,"minecraft:chicken":449,"minecraft:dandelion":3,"minecraft:grass_block":1,"minecraft:dirt":10,"minecraft:honey_bottle":2,"minecraft:wheat_seeds":2,"minecraft:oxeye_daisy":4,"minecraft:egg":2},"minecraft:killed":{"minecraft:chicken":399}},"DataVersion":3953}